label,category,stage,x_mm,y_mm,z_mm,normal_x,normal_y,normal_z,source_contour,target_arc_fraction,measured_arc_fraction,face_id,qc_status
AF1,scalp_recording_site,2C,-23.781644824012563,78.9995127658681,28.743341083916185,-0.325704561891867,0.8771373287739164,0.35291166718342615,AF3--AFz--AF1,0.5,0.5,538698,PASS_STAGE2C
AF10,scalp_recording_site,2C,55.5004653594273,62.74656034039657,-37.630586971810246,0.7039744614044131,0.5641788529646693,-0.4314187983361835,Nz--F10--inferior_front,0.6666666666666666,0.6666666666666666,284263,PASS_STAGE2C
AF10h,scalp_recording_site,2C,56.25761393775321,65.80564364119141,-24.00351234483525,0.794295939653853,0.593644166540477,0.1291532569541515,AF10--AF8--AF10h,0.5,0.5000000000000001,342018,PASS_STAGE2C
AF1h,scalp_recording_site,2C,-12.0553332519998,80.94438818633411,32.07312011071567,-0.17970631734916254,0.9137715119629978,0.3643175310490273,AF1--AFz--AF1h,0.5,0.5000000000000001,553565,PASS_STAGE2C
AF2,scalp_recording_site,2C,23.78469862224319,79.51574002434576,28.721312774332898,0.2872962625028758,0.8927096635616613,0.3471747602224333,AFz--AF4--AF2,0.5,0.5,538722,PASS_STAGE2C
AF2h,scalp_recording_site,2C,12.033252532146207,81.19315844442947,32.051462593038025,0.16533100345573012,0.919034764650283,0.3578278366205186,AFz--AF2--AF2h,0.5,0.5000000000000001,553638,PASS_STAGE2C
AF3,scalp_recording_site,2B,-44.62311072729497,69.42092831080377,20.09507231237784,-0.6574559366789342,0.7215484492790427,0.21707032655025407,Fp1-C3-O1,0.125,0.125,509717,PENDING
AF3h,scalp_recording_site,2C,-34.88440044833095,75.32973954000813,24.81961478303131,-0.4927641196839911,0.813888258966985,0.30784642968166953,AF3--AF1--AF3h,0.5,0.49999999999999994,524059,PASS_STAGE2C
AF4,scalp_recording_site,2B,44.760140249570604,70.35311436619389,20.04562289845309,0.6466221468228085,0.7325986237243557,0.21255365382755076,Fp2-C4-O2,0.125,0.125,509737,PENDING
AF4h,scalp_recording_site,2C,34.92642813773552,76.06963722682048,24.774056973641216,0.4955734932154085,0.8190582330071573,0.2890510746658291,AF2--AF4--AF4h,0.5,0.5000000000000001,524080,PASS_STAGE2C
AF5,scalp_recording_site,2C,-49.699746943907726,67.8827852371856,5.143146065924467,-0.6666701434396294,0.7380620303171339,0.10399691942713578,AF7--AF3--AF5,0.5,0.5,452119,PASS_STAGE2C
AF5h,scalp_recording_site,2C,-47.30868845239829,68.81327709123944,12.652755615152994,-0.6714559244914521,0.7255226973036807,0.150876628947366,AF5--AF3--AF5h,0.5,0.4999999999999999,480252,PASS_STAGE2C
AF6,scalp_recording_site,2C,49.703803470166754,68.60281085370347,5.081866500226015,0.6810794302274152,0.7294473465548386,0.06354036768231985,AF4--AF8--AF6,0.5,0.5,452170,PASS_STAGE2C
AF6h,scalp_recording_site,2C,47.405626905344626,69.66917420767349,12.599821811983729,0.6670545885360545,0.7355892602798512,0.11809579194000246,AF4--AF6--AF6h,0.5,0.5,480266,PASS_STAGE2C
AF7,scalp_recording_site,2B,-53.97170049598305,65.53078116731346,-9.956022301659234,-0.7263075296705115,0.6852863604026728,0.05347874895673335,Fpz-Oz-L,0.2,0.2,396873,PENDING
AF7h,scalp_recording_site,2C,-51.89927995272784,66.77144591205996,-2.399901742857036,-0.6865594360811638,0.7208141060933574,0.09520065748065183,AF7--AF5--AF7h,0.5,0.5,422749,PASS_STAGE2C
AF8,scalp_recording_site,2B,53.711463175884866,65.91404805804144,-10.026560272027831,0.7280991014822735,0.6805912197725107,0.08165347505937494,Fpz-Oz-R,0.2,0.2,393017,PENDING
AF8h,scalp_recording_site,2C,51.86511952538206,67.41504054060704,-2.4583752566454486,0.6810327693139132,0.729866798908615,0.0590662591630248,AF6--AF8--AF8h,0.5,0.5,422805,PASS_STAGE2C
AF9,scalp_recording_site,2C,-55.83223333600969,62.410124302050036,-37.231401301387045,-0.712254775350165,0.5648570161452918,-0.41668895629992814,Nz--F9--inferior_front,0.6666666666666666,0.6666666666666666,284254,PASS_STAGE2C
AF9h,scalp_recording_site,2C,-56.60345495677612,65.49634568257422,-23.755890603894716,-0.7938957024088605,0.5926082437143448,0.13618033330309387,AF9--AF7--AF9h,0.5,0.49999999999999994,345711,PASS_STAGE2C
AFF1,scalp_recording_site,2C,-27.641870473477745,68.88010600854113,44.923937053035544,-0.39709718958599727,0.7686123624185777,0.50154646680067,AFF3--AFFz--AFF1,0.5,0.49999999999999994,596786,PASS_STAGE2C
AFF10,scalp_recording_site,2C,64.32134716876519,49.546261480987944,-35.62131735087563,0.8535501207100754,0.46354683398447677,-0.2378582017479822,Nz--F10--inferior_front,0.8333333333333334,0.8333333333333334,293285,PASS_STAGE2C
AFF10h,scalp_recording_site,2C,64.16757636035847,52.138719000931694,-23.129760676297263,0.8907374435332222,0.4544449293327338,0.008161672112159159,AFF10--AFF8--AFF10h,0.5,0.5000000000000001,345524,PASS_STAGE2C
AFF1h,scalp_recording_site,2C,-14.138646105630198,71.3087988695512,49.63327854704311,-0.24851395974493243,0.8057131055464236,0.5376497032107725,AFF1--AFFz--AFF1h,0.5,0.5,611556,PASS_STAGE2C
AFF2,scalp_recording_site,2C,27.69422479231864,69.61360080475046,44.95362568862925,0.37094538982272585,0.7825742903709014,0.49997699729062134,AFFz--AFF4--AFF2,0.5,0.5,596804,PASS_STAGE2C
AFF2h,scalp_recording_site,2C,14.130600593185006,71.68900259849772,49.64627059609963,0.21406065565086285,0.8257155089511883,0.5218926460296246,AFFz--AFF2--AFF2h,0.5,0.5,611571,PASS_STAGE2C
AFF3,scalp_recording_site,2C,-50.747113707002875,57.9137995530256,31.63775540691739,-0.7150845120637902,0.6083822500134313,0.3442748589064932,Fp1-C3-O1,0.1875,0.1875,549532,PASS_STAGE2C
AFF3h,scalp_recording_site,2C,-40.09349327899236,64.49244883135158,38.95085009350058,-0.586535231834415,0.6837342474539682,0.43414732600294187,AFF3--AFF1--AFF3h,0.5,0.5000000000000001,575882,PASS_STAGE2C
AFF4,scalp_recording_site,2C,51.029176935772924,59.126406471376335,31.71944197574981,0.7058566123995018,0.6279614488881576,0.3277664739447663,Fp2-C4-O2,0.1875,0.1875,549555,PASS_STAGE2C
AFF4h,scalp_recording_site,2C,40.243311185334846,65.50212496887154,38.99697595426559,0.5538626303707788,0.7039121973359577,0.4446839384556472,AFF2--AFF4--AFF4h,0.5,0.49999999999999994,575898,PASS_STAGE2C
AFF5,scalp_recording_site,2C,-58.531445200945406,56.90146662726951,10.94514501163818,-0.7876878422134848,0.5901249231576574,0.17691929882642313,AFF7--AFF3--AFF5,0.5,0.5,471630,PASS_STAGE2C
AFF5h,scalp_recording_site,2C,-54.99866978091264,57.693273016095546,21.41290572190334,-0.7588469229120797,0.5989560360982258,0.2557401306177214,AFF5--AFF3--AFF5h,0.5,0.5,513091,PASS_STAGE2C
AFF6,scalp_recording_site,2C,58.59035470012004,57.817262873350344,10.906739084938197,0.7921456312716472,0.5958076428235697,0.13235766547603267,AFF4--AFF8--AFF6,0.5,0.5,471667,PASS_STAGE2C
AFF6h,scalp_recording_site,2C,55.1966655001387,58.7882751296626,21.433071736928785,0.7543661870927155,0.6115927324379835,0.23850783089919558,AFF4--AFF6--AFF6h,0.5,0.5,513103,PASS_STAGE2C
AFF7,scalp_recording_site,2C,-63.067958311139854,53.5298573620056,-10.454675789887501,-0.8453502685961418,0.5336676479258441,0.024119803932212542,Fpz-Oz-L,0.25,0.25,392686,PASS_STAGE2C
AFF7h,scalp_recording_site,2C,-61.186299248863115,55.47992080355269,0.28680391595997273,-0.8176255359558693,0.5702596399858114,0.07932481299146057,AFF7--AFF5--AFF7h,0.5,0.5,433424,PASS_STAGE2C
AFF8,scalp_recording_site,2C,62.81929018465734,54.00501272567927,-10.543186419720849,0.8389207377653386,0.5442289278089079,0.0051836168093761775,Fpz-Oz-R,0.25,0.25,392711,PASS_STAGE2C
AFF8h,scalp_recording_site,2C,61.07698686741598,56.16992935556119,0.2088674920385131,0.8170311696559137,0.5729023986416738,0.06513761924806731,AFF6--AFF8--AFF8h,0.5,0.5,433461,PASS_STAGE2C
AFF9,scalp_recording_site,2C,-64.76252452338505,49.09427909649629,-35.3232048588546,-0.859079242635614,0.4701431100432411,-0.2023568900519297,Nz--F9--inferior_front,0.8333333333333334,0.8333333333333334,293269,PASS_STAGE2C
AFF9h,scalp_recording_site,2C,-64.49122788655929,51.65551284925026,-22.929993254861376,-0.8965876039040664,0.44088741825158845,0.04182048484909833,AFF9--AFF7--AFF9h,0.5,0.49999999999999994,349255,PASS_STAGE2C
AFFz,scalp_recording_site,2C,0.0,71.45223741869056,52.78487128579296,-0.01904168903655487,0.8131393757693495,0.5817574835376575,Nz-Iz,0.25,0.25,619117,PASS_STAGE2C
AFp1,scalp_recording_site,2C,-19.413297040177852,84.66172752674338,10.95925449625252,-0.2424147067814134,0.9671962611376006,0.07593748993433899,AFp3--AFpz--AFp1,0.5,0.5,472662,PASS_STAGE2C
AFp10,scalp_recording_site,2C,42.93728155034708,72.30110134175199,-39.85840576112926,0.4549610360052545,0.8293920238274084,-0.32422110746911764,Nz--F10--inferior_front,0.5,0.5,275081,PASS_STAGE2C
AFp10h,scalp_recording_site,2C,44.276557359314985,76.61415531410019,-24.839139768651904,0.512554564298441,0.857921683337683,-0.03547116964341083,AFp10--AFp8--AFp10h,0.5,0.5000000000000001,342301,PASS_STAGE2C
AFp1h,scalp_recording_site,2C,-9.783889133208428,86.24490801275576,13.018018366537087,-0.11387834706666917,0.987544477740832,0.10857083656742614,AFp1--AFpz--AFp1h,0.5,0.4999999999999999,484305,PASS_STAGE2C
AFp2,scalp_recording_site,2C,19.40866534355853,85.12833456389939,10.92645909406773,0.2140242903733239,0.9740509387684217,0.07360959050661514,AFpz--AFp4--AFp2,0.5,0.5,472696,PASS_STAGE2C
AFp2h,scalp_recording_site,2C,9.764783810070336,86.4548565715095,12.997775058936433,0.09524134307748254,0.98895141983284,0.11359654827241547,AFpz--AFp2--AFp2h,0.5,0.4999999999999999,480528,PASS_STAGE2C
AFp3,scalp_recording_site,2C,-37.27298167523229,77.20538191704374,6.412408402434918,-0.5257752231896938,0.8497851363990152,0.03775760367309878,Fp1-C3-O1,0.0625,0.06250000000000001,456266,PASS_STAGE2C
AFp3h,scalp_recording_site,2C,-28.65525684819051,81.65445470192307,8.729516289587485,-0.39735686517524366,0.9166660248512722,0.04278925778124631,AFp3--AFp1--AFp3h,0.5,0.5000000000000001,464233,PASS_STAGE2C
AFp4,scalp_recording_site,2C,37.31496022871511,77.92724552775486,6.354327419099918,0.5169692270115969,0.8555488372050014,0.02791066964803895,Fp2-C4-O2,0.0625,0.0625,456292,PASS_STAGE2C
AFp4h,scalp_recording_site,2C,28.666154975756157,82.27153814708223,8.680218938578596,0.39913263994629516,0.916383268232004,0.03057517676044054,AFp2--AFp4--AFp4h,0.5,0.4999999999999999,464279,PASS_STAGE2C
AFp5,scalp_recording_site,2C,-39.786446778203945,76.0809212352502,-1.390992079848845,-0.5459073165870084,0.8346861570218664,0.07269264730933925,AFp7--AFp3--AFp5,0.5,0.5,426810,PASS_STAGE2C
AFp5h,scalp_recording_site,2C,-38.515811435723364,76.62130608326214,2.5092891863769657,-0.5426943614184547,0.8383882527789354,0.05087207177714986,AFp5--AFp3--AFp5h,0.5,0.5000000000000001,441388,PASS_STAGE2C
AFp6,scalp_recording_site,2C,39.746839617262715,76.67014009297668,-1.449283412904808,0.5478016726789187,0.8353865418586736,0.04519571983701188,AFp4--AFp8--AFp6,0.5,0.5,426831,PASS_STAGE2C
AFp6h,scalp_recording_site,2C,38.525749212618805,77.29053265716013,2.4522046269402473,0.5396420393228942,0.8416041784262814,0.022110546145491825,AFp4--AFp6--AFp6h,0.5,0.5000000000000001,441439,PASS_STAGE2C
AFp7,scalp_recording_site,2C,-42.4914923763482,75.2481339955686,-9.16669400412918,-0.5651375661862194,0.8152075425039209,0.12671303772633088,Fpz-Oz-L,0.15,0.15000000000000002,397304,PASS_STAGE2C
AFp7h,scalp_recording_site,2C,-41.11705083734266,75.63186414431459,-5.282966947079577,-0.5527076788016986,0.8269755344241227,0.10308097427544571,AFp7--AFp5--AFp7h,0.5,0.4999999999999999,412187,PASS_STAGE2C
AFp8,scalp_recording_site,2C,42.36058993448884,75.6906799135281,-9.233424749111963,0.5700481275430443,0.8147407656442932,0.10603120805696781,Fpz-Oz-R,0.15,0.15,397326,PASS_STAGE2C
AFp8h,scalp_recording_site,2C,41.033921281225744,76.15106654763379,-5.3442477528749865,0.5547791035169727,0.8279245960186831,0.08222535866875144,AFp6--AFp8--AFp8h,0.5,0.5,412234,PASS_STAGE2C
AFp9,scalp_recording_site,2C,-43.16484637770554,72.04925504161027,-39.46788978913213,-0.4405291314361677,0.8446625944187585,-0.3041039064955717,Nz--F9--inferior_front,0.5,0.49999999999999994,275056,PASS_STAGE2C
AFp9h,scalp_recording_site,2C,-44.47449994418953,76.36732054281774,-24.598379577781117,-0.4857445856211157,0.8714241207737033,-0.06835348764729109,AFp9--AFp7--AFp9h,0.5,0.49999999999999994,342277,PASS_STAGE2C
AFpz,scalp_recording_site,2C,0.0,86.61014140937488,14.936025136993125,-0.010452579685356943,0.9887521246551921,0.14919778673882791,Nz-Iz,0.15,0.15,488111,PASS_STAGE2C
AFz,scalp_recording_site,2B,0.0,81.14193632914491,34.696715094016305,-0.007637820495626496,0.9261074448055014,0.37718253455575296,Nz-Iz,0.2,0.2,561082,PENDING
C1,scalp_recording_site,2B,-37.839722784638234,-14.349461833161362,91.03645523553907,-0.4535117132701626,0.19757342266019798,0.8690752951183784,C3--Cz,0.5,0.5,718961,PENDING
C1h,scalp_recording_site,2C,-19.49306299527428,-14.778612170847138,98.64131932791662,-0.29886582636387543,0.17445607566629687,0.9382133528654094,C1--Cz--C1h,0.5,0.5,731631,PASS_STAGE2C
C2,scalp_recording_site,2B,38.01162231424962,-14.42224855431301,90.91722262824787,0.4548024242084678,0.20565816782350663,0.8665214786383424,Cz--C4,0.5,0.5,716482,PENDING
C2h,scalp_recording_site,2C,19.521917082289317,-14.864764786208926,98.3119506232786,0.28703969327982465,0.18687443181909213,0.9395137897945488,Cz--C2--C2h,0.5,0.5,731645,PASS_STAGE2C
C3,scalp_recording_site,2A,-68.38308575023203,-16.328860366282598,66.04512985124622,-0.7642455572576815,0.22812187589129235,0.6032322421354264,LPA-RPA,0.3,0.3,651648,NUMERIC_PASS
C3h,scalp_recording_site,2C,-54.322469877752184,-14.916463503440374,80.00178831467322,-0.6310375832768198,0.2186422968275387,0.7443031066239943,C3--C1--C3h,0.5,0.4999999999999999,688785,PASS_STAGE2C
C4,scalp_recording_site,2A,68.63127294982787,-16.334579686548626,65.81435540619698,0.7620651675017016,0.21647085116094653,0.6102434359157491,LPA-RPA,0.7,0.6999999999999997,649126,NUMERIC_PASS
C4h,scalp_recording_site,2C,54.488238069085284,-14.975705232533409,79.77160479918082,0.6361823091813652,0.20996013316215986,0.7424209129376637,C2--C4--C4h,0.5,0.5000000000000001,686025,PASS_STAGE2C
C5,scalp_recording_site,2B,-82.7005986212298,-16.06248477707607,29.387113840557273,-0.9806144892212405,0.15026746780143804,0.12575735226979476,T7--C3,0.5,0.5,541200,PENDING
C5h,scalp_recording_site,2C,-78.0980560650969,-15.644820190593409,48.73172266262742,-0.9119836995025604,0.20436830016463553,0.3556955576464808,C5--C3--C5h,0.5,0.4999999999999999,607712,PASS_STAGE2C
C6,scalp_recording_site,2B,83.08893303118782,-15.662812520542136,29.207997069649473,0.9817839757675919,0.12711353519668397,0.141217470929704,C4--T8,0.5,0.5,541218,PENDING
C6h,scalp_recording_site,2C,78.3673297403514,-15.507693281221057,48.53281669840754,0.9179057365596801,0.1784901712827814,0.354387242358235,C4--C6--C6h,0.5,0.5000000000000001,607716,PASS_STAGE2C
CCP1,scalp_recording_site,2C,-38.39649040841452,-36.86371329718215,93.00531474483245,-0.4380447518082152,-0.027349615167217147,0.8985370298231923,CCP3--CCPz--CCP1,0.5,0.5,723006,PASS_STAGE2C
CCP1h,scalp_recording_site,2C,-19.773539251836674,-36.78945479949695,100.29237932027608,-0.2839189121745413,-0.044387492500149506,0.9578203390089262,CCP1--CCPz--CCP1h,0.5,0.5,733879,PASS_STAGE2C
CCP2,scalp_recording_site,2C,38.53059482493338,-36.30963701633683,92.8384605056041,0.46075376046413336,-0.04822720380057096,0.8862167393091479,CCPz--CCP4--CCP2,0.5,0.5,720798,PASS_STAGE2C
CCP2h,scalp_recording_site,2C,19.828339675730984,-36.53900206522806,100.13375067500215,0.2986737552815969,-0.049522341344203656,0.9530695282159518,CCPz--CCP2--CCP2h,0.5,0.5,733891,PASS_STAGE2C
CCP3,scalp_recording_site,2C,-69.06139038954711,-36.25276442140293,67.85293439660694,-0.7903890521213647,-0.08478794046288114,0.6067092808246416,Fp1-C3-O1,0.5625,0.5625,654001,PASS_STAGE2C
CCP3h,scalp_recording_site,2C,-55.1883652971955,-36.69108281434985,82.21044315765646,-0.6429445242369466,-0.04017600476484178,0.7648583054362825,CCP3--CCP1--CCP3h,0.5,0.5000000000000002,694136,PASS_STAGE2C
CCP4,scalp_recording_site,2C,69.13905129423576,-34.81778996190461,67.2868065528917,0.7848593432974041,-0.11661642693162477,0.6086020211997892,Fp2-C4-O2,0.5625,0.5625,654022,PASS_STAGE2C
CCP4h,scalp_recording_site,2C,55.20198165419011,-35.74373417729682,81.69310191414864,0.6372102998784034,-0.07592033480145259,0.7669414165974549,CCP2--CCP4--CCP4h,0.5,0.5,691376,PASS_STAGE2C
CCP5,scalp_recording_site,2C,-83.58475539576988,-35.11071024527788,30.540662974515264,-0.9941870586113248,-0.03959721570570676,0.10012069215760518,TTP7--CCP3--CCP5,0.5,0.5,544622,PASS_STAGE2C
CCP5h,scalp_recording_site,2C,-79.17772291769958,-35.87975827506466,50.308493504590665,-0.9311584111236988,-0.11324413716215664,0.3465830041880117,CCP5--CCP3--CCP5h,0.5,0.4999999999999999,612982,PASS_STAGE2C
CCP6,scalp_recording_site,2C,83.5197468063466,-34.1952713412337,30.136957323443067,0.991153799836764,-0.08240856173598439,0.10403352354770272,CCP4--TTP8--CCP6,0.5,0.5,544645,PASS_STAGE2C
CCP6h,scalp_recording_site,2C,79.0790259006976,-34.8129093653722,49.78152031172602,0.926303214528381,-0.12690568734957028,0.3547637259821263,CCP4--CCP6--CCP6h,0.5,0.4999999999999999,610421,PASS_STAGE2C
CCPz,scalp_recording_site,2C,0.0,-36.64006731211523,102.49864499898922,-9.663894491110236e-05,-0.0007985427782480069,0.9999996764951206,Nz-Iz,0.55,0.55,736140,PASS_STAGE2C
CP1,scalp_recording_site,2B,-39.8945357825009,-56.72470102255917,88.9534669673373,-0.45695482838148493,-0.2853948011154658,0.8424619233621846,C1--P1,0.5,0.5,710178,PENDING
CP1h,scalp_recording_site,2C,-20.521682287245554,-57.533774333541345,96.23268320351077,-0.23182574557495444,-0.3238964766689521,0.917250181842476,CP1--CPz--CP1h,0.5,0.5,727969,PASS_STAGE2C
CP2,scalp_recording_site,2B,40.18949340666752,-56.33828217351194,88.36123563836803,0.4807283553923944,-0.2859215841468349,0.8289445675319237,C2--P2,0.5,0.5,710195,PENDING
CP2h,scalp_recording_site,2C,20.74735770798061,-57.4056824086989,96.09928007943996,0.25230865439657757,-0.31873791639506893,0.9136446155747422,CPz--CP2--CP2h,0.5,0.5000000000000001,727987,PASS_STAGE2C
CP3,scalp_recording_site,2B,-67.37437486525072,-53.39401547105328,65.24967950398695,-0.8022822398281766,-0.24046788388800577,0.546368377996667,Fp1-C3-O1,0.625,0.625,648833,PENDING
CP3h,scalp_recording_site,2C,-54.95382891028011,-55.611238574901996,78.56002785741883,-0.6574963588774796,-0.25903687895755917,0.7075298109640211,CP3--CP1--CP3h,0.5,0.49999999999999983,682946,PASS_STAGE2C
CP4,scalp_recording_site,2B,67.25638910986441,-51.84638435770062,64.39267172073947,0.7992643047255145,-0.2611778355400292,0.5412602972824307,Fp2-C4-O2,0.625,0.625,646368,PENDING
CP4h,scalp_recording_site,2C,55.0190165338254,-54.64040635280113,77.74492401898353,0.6687084539058246,-0.2771994514097978,0.6899198995629775,CP2--CP4--CP4h,0.5,0.4999999999999999,680316,PASS_STAGE2C
CP5,scalp_recording_site,2B,-81.43849094381659,-50.18454949133738,26.424368827007434,-0.9672406941521465,-0.23903338684452852,0.0854896458625706,C5--P5,0.5,0.5,529746,PENDING
CP5h,scalp_recording_site,2C,-76.92587589862512,-52.4655345802608,46.69631381599607,-0.9192682064291534,-0.24971071179570634,0.304286912408354,CP5--CP3--CP5h,0.5,0.5,601661,PASS_STAGE2C
CP6,scalp_recording_site,2B,80.71041324919759,-49.118194620047916,26.05911773152077,0.9566954209123827,-0.27684795378451355,0.08993932449494389,C6--P6,0.5,0.5,529773,PENDING
CP6h,scalp_recording_site,2C,76.42355812309182,-51.22103732246096,46.046853324615675,0.9165397204637218,-0.2723141288302065,0.29291629529906393,CP4--CP6--CP6h,0.5,0.5,601674,PASS_STAGE2C
CPP1,scalp_recording_site,2C,-35.24539470785369,-76.83266561634112,80.33993760735139,-0.3625353841438474,-0.592160458214495,0.7196624812861041,CPP3--CPPz--CPP1,0.5,0.5,687959,PASS_STAGE2C
CPP1h,scalp_recording_site,2C,-17.936597839388522,-76.92166747108925,86.27052033589672,-0.16084310246355105,-0.5947091518040445,0.7876868166666328,CPP1--CPPz--CPP1h,0.5,0.5000000000000001,704025,PASS_STAGE2C
CPP2,scalp_recording_site,2C,35.34145304894299,-76.09432912986298,80.01326994907005,0.4043339848247486,-0.5904523220877155,0.6984841330030087,CPPz--CPP4--CPP2,0.5,0.5,687970,PASS_STAGE2C
CPP2h,scalp_recording_site,2C,18.056584151192,-76.7093996305032,86.29335905189339,0.18866134196318846,-0.6007924958735533,0.7768238377847808,CPPz--CPP2--CPP2h,0.5,0.5,704045,PASS_STAGE2C
CPP3,scalp_recording_site,2C,-63.92191003174155,-69.40127800514327,59.380829632988295,-0.7508077755898317,-0.4642455959000588,0.46985498912031165,Fp1-C3-O1,0.6875,0.6875,634082,PASS_STAGE2C
CPP3h,scalp_recording_site,2C,-50.88883566111276,-74.33174390738924,71.21962668534319,-0.5815436004282413,-0.5606601581773161,0.5894635084833877,CPP3--CPP1--CPP3h,0.5,0.5000000000000001,663843,PASS_STAGE2C
CPP4,scalp_recording_site,2C,63.79112416226567,-67.8278454269282,58.60507455626372,0.7652076381991838,-0.4488184043345624,0.4615401503360293,Fp2-C4-O2,0.6875,0.6875,631731,PASS_STAGE2C
CPP4h,scalp_recording_site,2C,50.821678084816625,-73.07148301546377,70.54671086952528,0.5921803693231901,-0.5530574303429625,0.5860459785125134,CPP2--CPP4--CPP4h,0.5,0.5,661260,PASS_STAGE2C
CPP5,scalp_recording_site,2C,-75.62454662444381,-67.92753416600685,26.310578900270166,-0.9163385051155385,-0.38759020045117465,0.10048671831062304,TPP7--CPP3--CPP5,0.5,0.5,529440,PASS_STAGE2C
CPP5h,scalp_recording_site,2C,-71.34777060579647,-69.46653234326782,43.37245926359183,-0.8567292818580501,-0.4367693430030594,0.27431273871197737,CPP5--CPP3--CPP5h,0.5,0.5,591977,PASS_STAGE2C
CPP6,scalp_recording_site,2C,74.68706283112985,-66.29622368414758,25.7965196551241,0.9114373030732867,-0.4004154671518551,0.09460177710833514,CPP4--TPP8--CPP6,0.5,0.5,525862,PASS_STAGE2C
CPP6h,scalp_recording_site,2C,70.81582836529047,-67.85445386885951,42.69172015345231,0.8523792574503956,-0.4468049082788735,0.2716891153620617,CPP4--CPP6--CPP6h,0.5,0.5000000000000001,588651,PASS_STAGE2C
CPPz,scalp_recording_site,2C,-1.0388290847396339e-16,-74.86611986571492,89.30989598768956,-0.015396485671567178,-0.5639205186399551,0.8256855314741862,Nz-Iz,0.65,0.65,712547,PASS_STAGE2C
CPz,scalp_recording_site,2B,0.0,-56.744303850309905,98.89164351331104,-0.0067922263509599765,-0.33381985977220957,0.9426124160453541,Nz-Iz,0.6,0.6,730796,PENDING
Cz,scalp_recording_site,2A,0.0,-16.125197229062948,101.85540272505759,0.016780173148391204,0.1846977294938397,0.9826521126568295,Nz-Iz,0.5,0.5,735588,NUMERIC_PASS
F1,scalp_recording_site,2B,-30.898570772445332,55.39523374236645,58.99217103044314,-0.46293963527062104,0.620105247081788,0.6333690682667877,F3--Fz,0.5,0.5,633068,PENDING
F10,scalp_recording_site,2B,72.26318315777142,35.75930098996173,-33.68187466874633,0.8965906821269679,0.4426326310100751,-0.014195164253971914,F7-Fz-F8-inferior-extension,1.0,1.0,302421,PENDING
F10h,scalp_recording_site,2C,71.04536131132635,38.24894002146604,-22.2579899506094,0.9105321861963216,0.41316694737041076,0.014973693637950761,F10--F8--F10h,0.5,0.5,349182,PASS_STAGE2C
F1h,scalp_recording_site,2C,-15.943071649252962,57.911323962937836,64.95441300607541,-0.2744066395133164,0.6641817039442541,0.6953874174420442,F1--Fz--F1h,0.5,0.4999999999999999,647784,PASS_STAGE2C
F2,scalp_recording_site,2B,31.01199775563458,56.29868934820829,59.193821026916815,0.4419524446705838,0.6400442992637854,0.6285072248030444,Fz--F4,0.5,0.5,635500,PENDING
F2h,scalp_recording_site,2C,16.000768848245745,58.5184819383103,65.19186667181863,0.2490155716592554,0.6707815179648696,0.6986010307950882,Fz--F2--F2h,0.5,0.5,650380,PASS_STAGE2C
F3,scalp_recording_site,2A,-55.90456191622684,44.47746458978271,41.464951373821606,-0.7648191295207273,0.5070054226218694,0.39748861688251713,Fp1-C3-O1,0.25,0.25000000000000006,586625,NUMERIC_PASS
F3h,scalp_recording_site,2C,-44.423811076258296,50.87828707794063,51.09083565847265,-0.6032160475329142,0.573745422302307,0.5540276079636433,F3--F1--F3h,0.5,0.4999999999999999,616315,PASS_STAGE2C
F4,scalp_recording_site,2A,56.354795625477166,45.966997486353435,41.745078840056806,0.7477268848250718,0.530519402851238,0.39931650217360115,Fp2-C4-O2,0.25,0.2500000000000002,586639,NUMERIC_PASS
F4h,scalp_recording_site,2C,44.742577280230925,52.18211032303841,51.39245692332868,0.6121155705344957,0.5816374532253078,0.5357353836688471,F2--F4--F4h,0.5,0.4999999999999998,616345,PASS_STAGE2C
F5,scalp_recording_site,2B,-65.82784267217004,43.86039365994257,16.001328535935926,-0.8435360204166205,0.4956462985729366,0.2068374457651184,F7--F3,0.5,0.5,495031,PENDING
F5h,scalp_recording_site,2C,-61.41132540671818,44.5089175427265,28.93864106959593,-0.8097025366740891,0.503546549073249,0.30136800596607355,F5--F3--F5h,0.5,0.5000000000000001,538350,PASS_STAGE2C
F6,scalp_recording_site,2B,66.01636996365923,44.96357392925299,16.03095848642413,0.8389134580998758,0.5076998577489302,0.19612512399135393,F4--F8,0.5,0.49999999999999994,495066,PENDING
F6h,scalp_recording_site,2C,61.865606855717616,45.9069580140942,29.129999445224765,0.8153202071493618,0.5069800473106504,0.27968587994893906,F4--F6--F6h,0.5,0.5,542030,PASS_STAGE2C
F7,scalp_recording_site,2A,-70.05026382301747,40.164576694072935,-10.715042019704102,-0.9148242066181517,0.40368110423744025,-0.011757426041025698,Fpz-Oz-L,0.3,0.3,392604,NUMERIC_PASS
F7h,scalp_recording_site,2C,-68.79390324272175,42.44613483810168,2.7213959929860523,-0.8915306322992979,0.4467473325395583,0.07476598518580257,F7--F5--F7h,0.5,0.5,440440,PASS_STAGE2C
F8,scalp_recording_site,2A,69.97816767711537,40.80880150992232,-10.836227429943131,0.9177267789934662,0.3949982883120237,-0.04187972479433239,Fpz-Oz-R,0.3,0.2999999999999999,392608,NUMERIC_PASS
F8h,scalp_recording_site,2C,68.79493010153847,43.29262791437426,2.6521999460839947,0.8859931602911867,0.4584660105914888,0.06946248663530931,F6--F8--F8h,0.5,0.49999999999999994,440471,PASS_STAGE2C
F9,scalp_recording_site,2B,-72.65000542818655,35.099733832154044,-33.52427042126737,-0.9052070628391102,0.42480344749403215,0.011924947940189713,F7-Fz-F8-inferior-extension,0.0,0.0,302394,PENDING
F9h,scalp_recording_site,2C,-71.25657443645702,37.589385678642245,-22.120328761226208,-0.9220103191873339,0.38643569451771587,0.02375763697595024,F9--F7--F9h,0.5,0.5,349172,PASS_STAGE2C
FC1,scalp_recording_site,2B,-36.52912567253078,22.39679181826859,78.56991247666923,-0.4909776022431658,0.38949094565468145,0.7792546421732588,F1--C1,0.5,0.5,684163,PENDING
FC1h,scalp_recording_site,2C,-18.933319592224258,23.732345445032056,86.29337958068864,-0.2902337934338849,0.401430949625726,0.8686872497231468,FC1--FCz--FC1h,0.5,0.5000000000000001,706262,PASS_STAGE2C
FC2,scalp_recording_site,2B,36.620997077255964,22.81855277010369,78.60007088505402,0.4781982022659992,0.35826248812977235,0.8018568880720744,F2--C2,0.5,0.5,684196,PENDING
FC2h,scalp_recording_site,2C,18.914653181298785,23.8124718451157,86.12949704291212,0.29044646638822974,0.3683520633380447,0.8831520863346223,FCz--FC2--FC2h,0.5,0.4999999999999999,706273,PASS_STAGE2C
FC3,scalp_recording_site,2B,-63.60410590903484,13.991801678493514,56.43188266045145,-0.7750976471079508,0.3511755967077022,0.5252612090424229,Fp1-C3-O1,0.375,0.375,627604,PENDING
FC3h,scalp_recording_site,2C,-51.234986800687196,18.86857865855278,68.68570063556471,-0.6597623025018956,0.37207360905274267,0.6528973377521644,FC3--FC1--FC3h,0.5,0.5000000000000001,657012,PASS_STAGE2C
FC4,scalp_recording_site,2B,64.00326715190727,15.511110214143562,56.49005720433897,0.7763663871481872,0.33198939232452024,0.5357595321508213,Fp2-C4-O2,0.375,0.375,627624,PENDING
FC4h,scalp_recording_site,2C,51.49868325543072,19.816464042697586,68.80741492550928,0.6604361099953423,0.3361750327495039,0.6714242265290181,FC2--FC4--FC4h,0.5,0.4999999999999997,657044,PASS_STAGE2C
FC5,scalp_recording_site,2B,-76.79360892801775,14.751004538379458,23.16221853494421,-0.94929003211635,0.2754712388198661,0.15153887787491196,F5--C5,0.5,0.5,519745,PENDING
FC5h,scalp_recording_site,2C,-71.86665075497709,14.978743077343388,40.46364619234317,-0.8596500250375998,0.35486317580711485,0.3675240956848175,FC5--FC3--FC5h,0.5,0.4999999999999999,582634,PASS_STAGE2C
FC6,scalp_recording_site,2B,77.35815879829599,15.590312990695594,23.145040414530673,0.9541623986114067,0.2662151863756758,0.13676107494126846,F6--C6,0.5,0.5,519763,PENDING
FC6h,scalp_recording_site,2C,72.4493043001095,16.163874964638598,40.52016170902345,0.8746963796632262,0.32115727873194433,0.36299345134800626,FC4--FC6--FC6h,0.5,0.4999999999999998,582654,PASS_STAGE2C
FCC1,scalp_recording_site,2C,-36.92205355354103,3.535823566417095,86.18712848551955,-0.4796914416952356,0.2995486419760073,0.8247222149637272,FCC3--FCCz--FCC1,0.5,0.4999999999999999,705807,PASS_STAGE2C
FCC1h,scalp_recording_site,2C,-19.06982727715314,4.405485998117898,93.6217157345233,-0.2732261990512973,0.30531659444868287,0.9122111714434544,FCC1--FCCz--FCC1h,0.5,0.5000000000000001,724191,PASS_STAGE2C
FCC2,scalp_recording_site,2C,36.93006582131357,4.062832393455233,85.82130180108452,0.4654982105669616,0.3003150129042963,0.8325396741196476,FCCz--FCC4--FCC2,0.5,0.5,703111,PASS_STAGE2C
FCC2h,scalp_recording_site,2C,19.025992116939914,4.5844963212005485,93.20192723335812,0.26309640657769046,0.30670831794780085,0.9147186936690085,FCCz--FCC2--FCC2h,0.5,0.5,724207,PASS_STAGE2C
FCC3,scalp_recording_site,2C,-66.43619532273021,-2.2589441766303895,62.080072416622436,-0.7682383904980392,0.2987961037875673,0.5661542755524785,Fp1-C3-O1,0.4375,0.4375,641821,PASS_STAGE2C
FCC3h,scalp_recording_site,2C,-52.86634380409151,1.2080309202633592,75.45782909444624,-0.6419491253626903,0.28943723808939176,0.7100192994935149,FCC3--FCC1--FCC3h,0.5,0.5000000000000001,675533,PASS_STAGE2C
FCC4,scalp_recording_site,2C,66.64638260471197,-0.8485240451639579,61.76048351943643,0.7621320354616353,0.2845351646937839,0.581544925672803,Fp2-C4-O2,0.4375,0.4375,639415,PASS_STAGE2C
FCC4h,scalp_recording_site,2C,53.00847610494439,2.185755235325867,75.18811904822459,0.6367480736103532,0.2753344766139115,0.7202380278361089,FCC2--FCC4--FCC4h,0.5,0.4999999999999999,675550,PASS_STAGE2C
FCC5,scalp_recording_site,2C,-80.20373925754042,-1.137252850565847,27.200276505630157,-0.9655971737615913,0.21460934616579871,0.1468500138301525,FTT7--FCC3--FCC5,0.5,0.5,534004,PASS_STAGE2C
FCC5h,scalp_recording_site,2C,-75.39453328630269,-1.0843924653851522,45.48515950939567,-0.9000697942979178,0.2679332855571755,0.34363661021934344,FCC5--FCC3--FCC5h,0.5,0.5000000000000002,598982,PASS_STAGE2C
FCC6,scalp_recording_site,2C,80.60078384378855,0.03198379026506177,26.981569711284607,0.9691050877347299,0.19435513478138064,0.1518598383733264,FCC4--FTT8--FCC6,0.5,0.5,530404,PASS_STAGE2C
FCC6h,scalp_recording_site,2C,75.73703500387104,0.17445766578142385,45.24055163943619,0.8942023737619637,0.2575723421095508,0.36614014166527825,FCC4--FCC6--FCC6h,0.5,0.5000000000000001,598999,PASS_STAGE2C
FCCz,scalp_recording_site,2C,0.0,3.7373822180971437,96.63206619032216,0.018027459709661645,0.3146844718244832,0.9490251281651938,Nz-Iz,0.45,0.45000000000000007,729121,PASS_STAGE2C
FCz,scalp_recording_site,2B,-1.3275464786444968e-16,23.027889221775432,89.54023861858697,0.004080119743462556,0.38399190197080785,0.9233274456246389,Nz-Iz,0.4,0.4,715045,PENDING
FFC1,scalp_recording_site,2C,-33.47365882395186,39.32531954511659,70.26454579677507,-0.48515512903758795,0.49671422855518976,0.7196523298922503,FFC3--FFCz--FFC1,0.5,0.5,662925,PASS_STAGE2C
FFC1h,scalp_recording_site,2C,-17.3480642775438,41.53531683045045,77.14539176420288,-0.2994075306838029,0.5085356047516163,0.8073082863873846,FFC1--FFCz--FFC1h,0.5,0.5,681945,PASS_STAGE2C
FFC2,scalp_recording_site,2C,33.72799243604902,40.20883594532907,70.73669991436637,0.45584286805181,0.49685071335536535,0.738475895533879,FFCz--FFC4--FFC2,0.5,0.5,662948,PASS_STAGE2C
FFC2h,scalp_recording_site,2C,17.40314911850378,41.945034979950684,77.35061952829665,0.26694044539656775,0.5176399363521256,0.8128909489623128,FFCz--FFC2--FFC2h,0.5,0.5,681960,PASS_STAGE2C
FFC3,scalp_recording_site,2C,-60.077162907641934,29.604286765390764,49.52918045635271,-0.7846902246245331,0.4257350665282768,0.45056731406845707,Fp1-C3-O1,0.3125,0.3125,611007,PASS_STAGE2C
FFC3h,scalp_recording_site,2C,-48.04832156207034,35.40484506214748,61.09384716699781,-0.6498106218757876,0.4719596738564274,0.5958189506475408,FFC3--FFC1--FFC3h,0.5,0.5,640053,PASS_STAGE2C
FFC4,scalp_recording_site,2C,60.64446072093811,31.260701235914933,49.94363424751874,0.7720541891818067,0.41428982877627135,0.48197123019880633,Fp2-C4-O2,0.3125,0.3125,611081,PASS_STAGE2C
FFC4h,scalp_recording_site,2C,48.43495189076825,36.65064524293876,61.56369570940915,0.627516568865781,0.4717182673747025,0.6194391269720749,FFC2--FFC4--FFC4h,0.5,0.5,640072,PASS_STAGE2C
FFC5,scalp_recording_site,2C,-72.18919703434895,29.52102844482155,20.455748557574346,-0.900148901215951,0.38904534201543617,0.19589710946261624,FFT7--FFC3--FFC5,0.5,0.5000000000000001,509305,PASS_STAGE2C
FFC5h,scalp_recording_site,2C,-67.04400245339187,30.006994125807324,35.363887851096045,-0.8197638910841835,0.44445767326279456,0.361171066881529,FFC5--FFC3--FFC5h,0.5,0.4999999999999999,564223,PASS_STAGE2C
FFC6,scalp_recording_site,2C,72.46944758520755,30.76878013175235,20.51385596818089,0.9030521726276909,0.3949952256572655,0.16874698581122352,FFC4--FFT8--FFC6,0.5,0.49999999999999994,509338,PASS_STAGE2C
FFC6h,scalp_recording_site,2C,67.51575153215755,31.479087975930423,35.607387286696365,0.8350794937089729,0.43006473822661084,0.3430547479934397,FFC4--FFC6--FFC6h,0.5,0.5000000000000001,564269,PASS_STAGE2C
FFCz,scalp_recording_site,2C,-3.880589146682871e-17,41.380287489815814,80.32309956803216,-0.011989405159248307,0.5094862882807136,0.8603952441859898,Nz-Iz,0.35,0.35,690370,PASS_STAGE2C
FFT10,scalp_recording_site,2C,76.90281004252175,22.574337559765606,-36.5284369255196,0.9712642550999496,0.2287941313838544,0.06556670046179916,F10--FT10--FFT10,0.5,0.5,288263,PASS_STAGE2C
FFT10h,scalp_recording_site,2C,75.64463943358716,24.530875247895978,-23.720399845774182,0.9705946348589829,0.23633037310453045,0.04576034889760867,FFT10--FFT8--FFT10h,0.5,0.5,345361,PASS_STAGE2C
FFT7,scalp_recording_site,2C,-74.81364502075817,25.86440245806522,-10.739942295432378,-0.9704594770468316,0.23931026849215056,-0.030643087380438822,Fpz-Oz-L,0.35,0.35,392496,PASS_STAGE2C
FFT7h,scalp_recording_site,2C,-74.43284369410723,28.001069684153357,4.908881956609945,-0.9529093852725891,0.3018562119355899,0.029095201929404575,FFT7--FFC5--FFT7h,0.5,0.5,447721,PASS_STAGE2C
FFT8,scalp_recording_site,2C,74.97277185606843,26.641537530034306,-10.894486055237998,0.9609524377177507,0.27524049137051076,-0.028514634039947355,Fpz-Oz-R,0.35,0.35,392528,PASS_STAGE2C
FFT8h,scalp_recording_site,2C,74.53375410948159,28.993714899932726,4.847912874396069,0.9486509181429492,0.3162668419349136,0.006059719387540865,FFC6--FFT8--FFT8h,0.5,0.5,447724,PASS_STAGE2C
FFT9,scalp_recording_site,2C,-77.11597155451928,21.785486779466105,-36.34075763566384,-0.9774001139105576,0.199628261636304,0.06955267416639391,F9--FT9--FFT9,0.5,0.5,288244,PASS_STAGE2C
FFT9h,scalp_recording_site,2C,-75.64300032979303,23.750927438723032,-23.55514216002159,-0.9759387766863404,0.20880802816444252,0.06279101475567005,FFT9--FFT7--FFT9h,0.5,0.5000000000000001,345354,PASS_STAGE2C
FT10,scalp_recording_site,2B,79.36524352144794,8.806990140734715,-39.40007157709237,0.9951880778396968,0.08894089579487979,0.041112124500370405,FT7-FCz-FT8-inferior-extension,1.0,1.0,273989,PENDING
FT10h,scalp_recording_site,2C,78.55844584585508,10.362343156436717,-25.10907556908846,0.9864258589461973,0.16418833736494534,0.002492925107523304,FT10--FT8--FT10h,0.5,0.5000000000000001,337726,PASS_STAGE2C
FT7,scalp_recording_site,2B,-78.27089363039076,11.173078023551653,-10.630929804974416,-0.9745490895715984,0.22077485349645,-0.03889133680898268,Fpz-Oz-L,0.4,0.4,392283,PENDING
FT7h,scalp_recording_site,2C,-78.3343880551537,13.166022157328994,6.287559587857677,-0.9706293675431001,0.24057977721781124,-4.070270144970344e-05,FT7--FC5--FT7h,0.5,0.5,455079,PASS_STAGE2C
FT8,scalp_recording_site,2B,78.61504718957092,12.057168165627637,-10.811634076394705,0.9726181186627948,0.2253499365316545,-0.05684541629740334,Fpz-Oz-R,0.4,0.4,392319,PENDING
FT8h,scalp_recording_site,2C,78.86017898327732,14.044403887995934,6.183469760869346,0.9697100224241225,0.24425265937800597,-0.0017637451572467269,FC6--FT8--FT8h,0.5,0.5,455089,PASS_STAGE2C
FT9,scalp_recording_site,2B,-79.39459925367427,7.9132979639211465,-39.20879559906608,-0.9966199404039339,0.074003949805933,0.03566664831996941,FT7-FCz-FT8-inferior-extension,0.0,0.0,273963,PENDING
FT9h,scalp_recording_site,2C,-78.46885032091316,9.48777568639832,-24.927542985062225,-0.9856025861978216,0.168040816881249,0.018703634460932417,FT9--FT7--FT9h,0.5,0.5000000000000001,341493,PASS_STAGE2C
FTT10,scalp_recording_site,2C,80.19653525886504,-4.646900774102575,-40.67074923187575,0.9917569936975131,0.07305857233037207,-0.10526400363428443,FT10--T10--FTT10,0.5,0.5,269133,PASS_STAGE2C
FTT10h,scalp_recording_site,2C,80.98195867218952,-3.639793090022157,-25.677699291270972,0.9814336189863174,0.17741970518993508,-0.0728718034203662,FTT10--FTT8--FTT10h,0.5,0.5,337657,PASS_STAGE2C
FTT7,scalp_recording_site,2C,-81.6002556729512,-3.54793809904075,-10.509058868572694,-0.9766529976184632,0.20773114864268175,-0.054742050806141744,Fpz-Oz-L,0.45,0.45,392095,PASS_STAGE2C
FTT7h,scalp_recording_site,2C,-81.89638272487838,-2.1277401047823172,8.373657557096335,-0.9798736643171434,0.19930144076352588,0.011248897158247851,FTT7--FCC5--FTT7h,0.5,0.4999999999999999,462561,PASS_STAGE2C
FTT8,scalp_recording_site,2C,81.89119364781055,-2.6147050694428846,-10.691326438270847,0.9756021768331244,0.20865847960346148,-0.06827907035132236,Fpz-Oz-R,0.45,0.45,392105,PASS_STAGE2C
FTT8h,scalp_recording_site,2C,82.37062051442592,-1.0598898752127779,8.172833941175035,0.9828988423692557,0.18384347686565825,0.010556594295662176,FCC6--FTT8--FTT8h,0.5,0.5,462591,PASS_STAGE2C
FTT9,scalp_recording_site,2C,-80.50034983916419,-5.543062658825924,-40.61088839566727,-0.9998879998121034,0.014219433873346855,-0.004668568524978152,FT9--T9--FTT9,0.5,0.5,269113,PASS_STAGE2C
FTT9h,scalp_recording_site,2C,-80.95957568959967,-4.555675606573161,-25.557048458675844,-0.9811551546626621,0.18625024273660173,-0.05143354507949634,FTT9--FTT7--FTT9h,0.5,0.5000000000000001,337651,PASS_STAGE2C
Fp1,scalp_recording_site,2A,-29.401711915811916,82.65563579010308,-8.158474310936148,-0.4070108033747778,0.8982617472856176,0.16573484636493116,Fpz-Oz-L,0.1,0.1,401306,NUMERIC_PASS
Fp1h,scalp_recording_site,2C,-14.987780272842768,86.81228734459592,-6.930378779936833,-0.17239207710599086,0.9732861307435176,0.1516412854515373,Fpz-Oz-L,0.05,0.05000000000000001,408820,PASS_STAGE2C
Fp2,scalp_recording_site,2A,29.346082736488142,83.09770897514875,-8.211981042330805,0.40512076157325566,0.9033032158695419,0.14113989068314167,Fpz-Oz-R,0.1,0.09999999999999996,401326,NUMERIC_PASS
Fp2h,scalp_recording_site,2C,14.934927989021249,87.03611053346657,-6.955275723762498,0.1552185252604868,0.9784696010074173,0.1360310601309327,Fpz-Oz-R,0.05,0.05000000000000001,408897,PASS_STAGE2C
Fpz,scalp_recording_site,2B,-8.058338448400513e-17,87.73145034949161,-5.553102107394634,-0.022238467649767578,0.988734719581403,0.14801724511311048,Nz-Iz,0.1,0.09999999999999373,412547,PENDING
Fz,scalp_recording_site,2A,2.1683680531479734e-17,57.994843842865194,68.26498957950008,-0.022099705548897078,0.6511428348976821,0.7586333841692323,Nz-Iz,0.3,0.3,658045,NUMERIC_PASS
I1,scalp_recording_site,2C,-29.12265175323646,-110.62500490230185,-39.91200723300135,-0.3452666561544633,-0.9225303757099376,-0.17241995835864624,P9--Iz--inferior_rear,0.6666666666666666,0.6666666666666666,270900,PASS_STAGE2C
I1h,scalp_recording_site,2C,-14.766574791932493,-114.18790760834851,-40.28601639466684,-0.1484132469744265,-0.9683247824161535,-0.2007999598635834,P9--Iz--inferior_rear,0.8333333333333334,0.8333333333333335,266086,PASS_STAGE2C
I2,scalp_recording_site,2C,29.214265733296532,-110.21950695735451,-39.987174877560456,0.35464952337276284,-0.9235180681477948,-0.14607564265146036,P10--Iz--inferior_rear,0.6666666666666666,0.6666666666666666,270909,PASS_STAGE2C
I2h,scalp_recording_site,2C,14.829212939437243,-113.99633174587044,-40.329926075097944,0.16248824825432387,-0.9668385168083068,-0.197030077894607,P10--Iz--inferior_rear,0.8333333333333334,0.8333333333333334,266149,PASS_STAGE2C
NFp1,scalp_recording_site,2C,-29.147631281849435,83.10440202255513,-26.276631331453956,-0.346270099788269,0.8820213904871061,-0.31958611471059567,N1--Fp1--NFp1,0.5,0.5,334889,PASS_STAGE2C
NFp1h,scalp_recording_site,2C,-14.811612364282231,86.94924819326977,-26.487947819754464,-0.14076549750989062,0.9494893773303016,-0.28045498221231374,NFpz--NFp1--NFp1h,0.5,0.5000000000000001,334967,PASS_STAGE2C
NFp2,scalp_recording_site,2C,29.01810535766429,83.39262625982573,-26.33142482888573,0.3498180207179666,0.8864535680711094,-0.30303040117282487,N2--Fp2--NFp2,0.5,0.5000000000000001,334907,PASS_STAGE2C
NFp2h,scalp_recording_site,2C,14.743671508360405,87.15277810530328,-26.517283570539348,0.1367929874812768,0.9479481570680725,-0.2875447271072664,NFpz--NFp2--NFp2h,0.5,0.5,335042,PASS_STAGE2C
NFpz,scalp_recording_site,2C,0.0,88.1723657272183,-26.04849936541653,-0.011854199856584516,0.9892399447905937,-0.14582115613470914,Nz-Iz,0.05,0.05,335060,PASS_STAGE2C
O1,scalp_recording_site,2A,-29.513948793735494,-115.94402624893644,-2.3161828309432155,-0.33689713920545533,-0.941472483124987,-0.011396539547211893,Fpz-Oz-L,0.9,0.9000000000000001,420037,NUMERIC_PASS
O1h,scalp_recording_site,2C,-14.974759386359953,-119.54291141838601,-0.8477908906940541,-0.10898978782644479,-0.9937218901320116,0.025259279918651838,Fpz-Oz-L,0.95,0.9500000000000001,427210,PASS_STAGE2C
O2,scalp_recording_site,2A,29.29281613964474,-115.11360620003857,-2.3655436837142187,0.3533587151951591,-0.9354878648728693,0.0002703169007093307,Fpz-Oz-R,0.9,0.9,420046,NUMERIC_PASS
O2h,scalp_recording_site,2C,14.884431686834654,-119.04389814394209,-0.8772081531478964,0.17442411050183954,-0.9843978210092222,0.023176705286498747,Fpz-Oz-R,0.95,0.9500000000000001,427232,PASS_STAGE2C
OI1,scalp_recording_site,2C,-29.609915546847528,-114.07817755256076,-21.22083311889727,-0.3577157086998388,-0.9206268344748387,-0.1564790829287094,I1--O1--OI1,0.5,0.5,350319,PASS_STAGE2C
OI1h,scalp_recording_site,2C,-15.026553809261443,-117.96279717950192,-20.765262959039497,-0.1676194057799729,-0.9729994127244747,-0.15866908219245532,OI1--OIz--OI1h,0.5,0.5,353897,PASS_STAGE2C
OI2,scalp_recording_site,2C,29.510268296132256,-113.33708852603093,-21.25775955818026,0.3811719937062473,-0.9142714555220157,-0.13717002891178198,I2--O2--OI2,0.5,0.5,350348,PASS_STAGE2C
OI2h,scalp_recording_site,2C,15.007112918801568,-117.56968545416613,-20.76794899814602,0.17822510254186866,-0.9728970881577137,-0.14733318933011114,OI2--OIz--OI2h,0.5,0.5,353908,PASS_STAGE2C
OIz,scalp_recording_site,2C,0.0,-119.22986993762521,-19.901501141630895,0.011433394771835468,-0.9896551286950809,-0.14301050217209388,Nz-Iz,0.95,0.95,357449,PASS_STAGE2C
Oz,scalp_recording_site,2B,0.0,-120.42312405439695,0.5812936828824549,0.015937691543454233,-0.997743427066514,0.06522303070107784,Nz-Iz,0.9,0.8999999999999462,430830,PENDING
P1,scalp_recording_site,2B,-31.53802163511056,-91.55046523802478,66.56904940503058,-0.2922944307274345,-0.7587102938072916,0.582170641510355,P3--Pz,0.5,0.5,650721,PENDING
P10,scalp_recording_site,2B,71.6826013520072,-70.9909303664544,-32.337042887889226,0.8760328657877654,-0.46038659345202393,-0.14356393220205388,P7-Pz-P8-inferior-extension,1.0,1.0,305071,PENDING
P10h,scalp_recording_site,2C,72.39284919034846,-73.37303146377278,-20.027039381481593,0.8916080445953366,-0.4415850265145727,-0.10018861797132618,P10--P8--P10h,0.5,0.5000000000000001,355274,PASS_STAGE2C
P1h,scalp_recording_site,2C,-15.956509580822487,-91.8968561873518,71.95890273908722,-0.1483505153814352,-0.7734354574253869,0.6162708152940921,P1--Pz--P1h,0.5,0.5000000000000001,663439,PASS_STAGE2C
P2,scalp_recording_site,2B,31.65759335175035,-90.9001497045071,66.30092519510528,0.3307937218804717,-0.7580380148894875,0.5620977508822378,Pz--P4,0.5,0.5000000000000001,650746,PENDING
P2h,scalp_recording_site,2C,16.063225313302805,-91.68098336061156,71.90108658030306,0.17137388675962084,-0.7745332027363699,0.6088754460444615,Pz--P2--P2h,0.5,0.5000000000000001,663443,PASS_STAGE2C
P3,scalp_recording_site,2A,-58.825111302735614,-83.44484497087717,50.44466113191782,-0.690135439575822,-0.613498944125891,0.38383866480320056,Fp1-C3-O1,0.75,0.75,612609,NUMERIC_PASS
P3h,scalp_recording_site,2C,-46.15714690890923,-88.86388068198958,59.46946071516634,-0.506970695658216,-0.6939852128962277,0.5112389245990588,P3--P1--P3h,0.5,0.5000000000000001,633761,PASS_STAGE2C
P4,scalp_recording_site,2A,58.67570760630565,-81.87008295265399,49.775135180060246,0.7035285537683441,-0.6066123590716062,0.37022833475330197,Fp2-C4-O2,0.75,0.7499999999999998,610005,NUMERIC_PASS
P4h,scalp_recording_site,2C,46.14921043354323,-87.68482758951058,58.9267687987158,0.5166110423606441,-0.7016790332672275,0.49067256412420057,P2--P4--P4h,0.5,0.5,631441,PASS_STAGE2C
P5,scalp_recording_site,2B,-68.84922145440545,-81.89414018999143,21.983481500577245,-0.8400514414343425,-0.5307297512313847,0.1124255616039166,P7--P3,0.5,0.5,511210,PENDING
P5h,scalp_recording_site,2C,-64.76727574094322,-83.36270558339102,36.507677731504145,-0.7777069974860741,-0.5812165266516452,0.23949775616525693,P5--P3--P5h,0.5,0.5,566041,PASS_STAGE2C
P6,scalp_recording_site,2B,67.9257164971967,-80.19877028951016,21.533436218106615,0.8535482623360748,-0.5104117354772313,0.1045716221074725,P4--P8,0.5,0.5,511253,PENDING
P6h,scalp_recording_site,2C,64.21833445641849,-81.68877763779666,35.919368754083145,0.7879245649385794,-0.5734297305065904,0.22439524089759458,P4--P6--P6h,0.5,0.5000000000000001,562318,PASS_STAGE2C
P7,scalp_recording_site,2A,-72.98249888572542,-76.47966296739297,-7.552243513406578,-0.894549257961296,-0.4466277994133235,-0.017470943652434023,Fpz-Oz-L,0.7,0.7000000000000002,402766,NUMERIC_PASS
P7h,scalp_recording_site,2C,-71.46343192233023,-79.49376513733307,7.239180939986856,-0.8887316490754886,-0.4582537969621743,0.012629865451093774,P7--P5--P7h,0.5,0.5,457807,PASS_STAGE2C
P8,scalp_recording_site,2A,72.11707178173435,-75.25144236117471,-7.6196337453272704,0.8937884290763198,-0.4484853307846629,-0.0017754211488637598,Fpz-Oz-R,0.7,0.7,402805,NUMERIC_PASS
P8h,scalp_recording_site,2C,70.34994831364376,-77.90472119852163,6.973431955595461,0.8914061633196992,-0.45112257428927083,0.04339902029164897,P6--P8--P8h,0.5,0.5,454092,PASS_STAGE2C
P9,scalp_recording_site,2B,-72.00402534668841,-72.20728978220085,-32.26973447461278,-0.8259215781526316,-0.5425408371248169,-0.1533068387051584,P7-Pz-P8-inferior-extension,0.0,0.0,305013,PENDING
P9h,scalp_recording_site,2C,-72.84443398114159,-74.5437772139762,-19.95657247461921,-0.8628295588323205,-0.4882633645494055,-0.13085885237200334,P9--P7--P9h,0.5,0.5000000000000001,358837,PASS_STAGE2C
PO1,scalp_recording_site,2C,-23.502173178384748,-110.86651559413424,34.4991902904791,-0.2265357740373485,-0.9050152571016825,0.3600401748339686,PO3--POz--PO1,0.5,0.5,557453,PASS_STAGE2C
PO10,scalp_recording_site,2C,54.10987812488858,-94.44722950601714,-37.21046140786247,0.7007987184532284,-0.6978489440695178,-0.14794596133511637,P10--Iz--inferior_rear,0.3333333333333333,0.3333333333333334,280656,PASS_STAGE2C
PO10h,scalp_recording_site,2C,54.57796214556173,-97.1421333944499,-21.261640810589153,0.6816863551585545,-0.7196634553234934,-0.13186441621034645,PO10--PO8--PO10h,0.5,0.4999999999999999,350978,PASS_STAGE2C
PO1h,scalp_recording_site,2C,-11.822518959496737,-111.53413575254774,37.71570335846491,-0.09070609934266172,-0.921293404903988,0.37814133022251845,PO1--POz--PO1h,0.5,0.5000000000000001,568748,PASS_STAGE2C
PO2,scalp_recording_site,2C,23.467882970719536,-109.98227672063513,34.23039462053246,0.26248297599506,-0.8974184566269122,0.35460231389282815,POz--PO4--PO2,0.5,0.5000000000000001,557480,PASS_STAGE2C
PO2h,scalp_recording_site,2C,11.830643436849204,-111.08380320535342,37.57612155616218,0.1334847617954635,-0.9163371043648295,0.3775024894390606,POz--PO2--PO2h,0.5,0.5,568796,PASS_STAGE2C
PO3,scalp_recording_site,2B,-45.34884341937068,-104.44887072611769,26.359086568023926,-0.5172355508894544,-0.8300305544674068,0.2086064801165388,Fp1-C3-O1,0.875,0.875,528338,PENDING
PO3h,scalp_recording_site,2C,-34.78635813960511,-108.50549755549872,30.70763197122569,-0.352442815736337,-0.8886200405808747,0.29349358615459864,PO3--PO1--PO3h,0.5,0.5000000000000003,542719,PASS_STAGE2C
PO4,scalp_recording_site,2B,45.155583056980916,-103.02130201595841,25.95886811618506,0.5409329313654,-0.8166693713039812,0.20110370891257964,Fp2-C4-O2,0.875,0.875,524750,PENDING
PO4h,scalp_recording_site,2C,34.68597338592331,-107.32795504767216,30.365605490167006,0.3763167201388783,-0.887064155257013,0.2674002816043376,PO2--PO4--PO4h,0.5,0.4999999999999998,542765,PASS_STAGE2C
PO5,scalp_recording_site,2C,-50.89813772462589,-103.34817821423047,10.696771145489208,-0.6147218151287582,-0.7831901659087229,0.09343582839934511,PO7--PO3--PO5,0.5,0.5,469136,PASS_STAGE2C
PO5h,scalp_recording_site,2C,-48.30529918866009,-104.15659159082355,18.57446123301102,-0.5813091084507767,-0.7995981367651889,0.1507399751685052,PO5--PO3--PO5h,0.5,0.5,499924,PASS_STAGE2C
PO6,scalp_recording_site,2C,50.50786165833553,-101.99949345153316,10.473519353285738,0.6234860552926185,-0.7757601757511804,0.09726915530705317,PO4--PO8--PO6,0.5,0.5,469229,PASS_STAGE2C
PO6h,scalp_recording_site,2C,47.99250591914276,-102.73014923751214,18.257119817019976,0.5904531178812096,-0.7927161052294126,0.15154633645941118,PO4--PO6--PO6h,0.5,0.5,500118,PASS_STAGE2C
PO7,scalp_recording_site,2B,-55.00817193103964,-100.39314040977294,-5.163298486132562,-0.6860737654780104,-0.7269071782110591,-0.030145357653539488,Fpz-Oz-L,0.8,0.8,409595,PENDING
PO7h,scalp_recording_site,2C,-53.198935669891256,-102.15577200967356,2.7782492250204713,-0.6702261395528575,-0.7418875504341377,0.019994608546013516,PO7--PO5--PO7h,0.5,0.5,438703,PASS_STAGE2C
PO8,scalp_recording_site,2B,54.349760489923476,-99.14237963814014,-5.223086811682915,0.7050599514276232,-0.7091462670933614,-0.001427151158174573,Fpz-Oz-R,0.8,0.8,409650,PENDING
PO8h,scalp_recording_site,2C,52.6414377665533,-100.80696391196481,2.6369255260109745,0.6823851134973218,-0.7307724044225242,0.017951317828228664,PO6--PO8--PO8h,0.5,0.5000000000000001,438787,PASS_STAGE2C
PO9,scalp_recording_site,2C,-54.069593869299524,-95.22745465295525,-37.09932353705902,-0.6918432505953089,-0.7026603617426962,-0.1661966685626996,P9--Iz--inferior_rear,0.3333333333333333,0.33333333333333337,280577,PASS_STAGE2C
PO9h,scalp_recording_site,2C,-54.774180678005465,-98.05324767151073,-21.173780113491762,-0.6829860869721976,-0.7144631809603266,-0.15189591190831017,PO9--PO7--PO9h,0.5,0.5,350892,PASS_STAGE2C
POO1,scalp_recording_site,2C,-19.30148944422987,-116.84283585525718,17.104581797749926,-0.17435346610650548,-0.964867595558016,0.196548701086373,POO3--POOz--POO1,0.5,0.5,495905,PASS_STAGE2C
POO10,scalp_recording_site,2C,42.476844446835145,-103.56097992079968,-38.92020786143667,0.5345143484912864,-0.8334319627206747,-0.14030529132038996,P10--Iz--inferior_rear,0.5,0.49999999999999994,275676,PASS_STAGE2C
POO10h,scalp_recording_site,2C,42.779813336294936,-106.33803063787583,-21.421164234626662,0.5409278699131711,-0.8277713395516954,-0.14896861739303155,POO10--POO8--POO10h,0.5,0.5,350573,PASS_STAGE2C
POO1h,scalp_recording_site,2C,-9.683965873598021,-117.5646050566434,19.10049299700198,-0.06723394994334045,-0.9760114556929497,0.2070778460655457,POO1--POOz--POO1h,0.5,0.5,503029,PASS_STAGE2C
POO2,scalp_recording_site,2C,19.26421707733053,-116.13179818689544,16.989322326846185,0.20767824802419965,-0.9597826119678573,0.18891025134109685,POOz--POO4--POO2,0.5,0.4999999999999999,492140,PASS_STAGE2C
POO2h,scalp_recording_site,2C,9.677975291405136,-117.12553958252796,19.024073460598775,0.0975860338294392,-0.9727135257956177,0.21048839097607713,POOz--POO2--POO2h,0.5,0.5,503068,PASS_STAGE2C
POO3,scalp_recording_site,2C,-37.64000523581484,-111.55717409691727,12.442139292082253,-0.45018446684242414,-0.885917609625152,0.11173152988238844,Fp1-C3-O1,0.9375,0.9375,476924,PASS_STAGE2C
POO3h,scalp_recording_site,2C,-28.67663952636972,-114.82160313777297,14.87762521399922,-0.31607073691601145,-0.9342233296991266,0.1653059572769428,POO3--POO1--POO3h,0.5,0.4999999999999999,484494,PASS_STAGE2C
POO4,scalp_recording_site,2C,37.438446855437675,-110.35818931805993,12.22281601236555,0.444983913081574,-0.8866920141722477,0.1255650791493105,Fp2-C4-O2,0.9375,0.9375,477039,PASS_STAGE2C
POO4h,scalp_recording_site,2C,28.56376287095199,-113.83427138964254,14.705654051632575,0.34846599040163523,-0.9218133198584939,0.16979887180093192,POO2--POO4--POO4h,0.5,0.5000000000000002,484514,PASS_STAGE2C
POO5,scalp_recording_site,2C,-40.505392550840384,-110.80238963542092,4.351492757211246,-0.4903271168354253,-0.8705294742096097,0.04192556532951759,POO7--POO3--POO5,0.5,0.5000000000000001,445703,PASS_STAGE2C
POO5h,scalp_recording_site,2C,-39.107874952441385,-111.24587699180685,8.40312545981552,-0.4702294225849956,-0.8784828288774001,0.08457073668203535,POO5--POO3--POO5h,0.5,0.5,460651,PASS_STAGE2C
POO6,scalp_recording_site,2C,40.21826725429059,-109.70815537935601,4.212920135653372,0.4955764826931555,-0.8666362369308632,0.05784101174593289,POO4--POO8--POO6,0.5,0.5,445757,PASS_STAGE2C
POO6h,scalp_recording_site,2C,38.8715077415065,-110.11363056847064,8.226309842858043,0.4698436493142254,-0.8782390830416207,0.08912383641486882,POO4--POO6--POO6h,0.5,0.4999999999999998,460753,PASS_STAGE2C
POO7,scalp_recording_site,2C,-43.01131566923499,-109.40963645240082,-3.773465657930062,-0.5295797699924304,-0.8478771867626412,-0.025486140983551953,Fpz-Oz-L,0.85,0.8499999999999999,416553,PASS_STAGE2C
POO7h,scalp_recording_site,2C,-41.80077055318895,-110.17763472510784,0.28992228741495213,-0.5118701382499404,-0.8590425126244182,0.005909574596615913,POO7--POO5--POO7h,0.5,0.5,431094,PASS_STAGE2C
POO8,scalp_recording_site,2C,42.625757493861165,-108.38764342171424,-3.833824846004243,0.5220617699020832,-0.8522503075884484,-0.0334801675936573,Fpz-Oz-R,0.85,0.85,416599,PASS_STAGE2C
POO8h,scalp_recording_site,2C,41.4775791450527,-109.14174791456907,0.1908689004717144,0.5196323812744227,-0.8542998736391646,0.012406217440485782,POO6--POO8--POO8h,0.5,0.5,431143,PASS_STAGE2C
POO9,scalp_recording_site,2C,-42.371357507400134,-104.12483971669914,-38.81225189569378,-0.5305793214910043,-0.8349015601864848,-0.14637270375421427,P9--Iz--inferior_rear,0.5,0.5,275656,PASS_STAGE2C
POO9h,scalp_recording_site,2C,-42.96200763490798,-107.19459039684769,-21.35552197442918,-0.5280237903345181,-0.8337688022780994,-0.16130858994025235,POO9--POO7--POO9h,0.5,0.5000000000000001,350514,PASS_STAGE2C
POOz,scalp_recording_site,2C,0.0,-117.24984093325308,20.872011386947513,0.03242233878557447,-0.9749515984789582,0.22004129742163786,Nz-Iz,0.85,0.85,506521,PASS_STAGE2C
POz,scalp_recording_site,2B,0.0,-110.89072424969977,40.387098374593855,0.012988211562131096,-0.9187698409374834,0.39457988512356884,Nz-Iz,0.8,0.8,579955,PENDING
PPO1,scalp_recording_site,2C,-27.579840245992706,-102.42378667041953,50.996970550658546,-0.24291700839281072,-0.8651690737582778,0.43871836164643363,PPO3--PPOz--PPO1,0.5,0.5,611845,PASS_STAGE2C
PPO10,scalp_recording_site,2C,63.703766848036246,-83.29543544695373,-34.94089684668051,0.8133402735445769,-0.5641061253923109,-0.14234422617481607,P10--Iz--inferior_rear,0.16666666666666666,0.1666666666666667,295213,PASS_STAGE2C
PPO10h,scalp_recording_site,2C,64.43967785576295,-85.96338006977818,-20.77729845777418,0.7952731243240975,-0.589928745594732,-0.13973093017945062,PPO10--PPO8--PPO10h,0.5,0.49999999999999994,354991,PASS_STAGE2C
PPO1h,scalp_recording_site,2C,-13.8820997543972,-102.81291624290452,55.285306295252624,-0.11443913665656863,-0.8735673976039772,0.47305780391482183,PPO1--PPOz--PPO1h,0.5,0.5000000000000001,623939,PASS_STAGE2C
PPO2,scalp_recording_site,2C,27.628852069174147,-101.69458644002569,50.719897664108636,0.2693764168223694,-0.869107690608375,0.41483510963431974,PPOz--PPO4--PPO2,0.5,0.5000000000000001,611874,PASS_STAGE2C
PPO2h,scalp_recording_site,2C,13.93752643357585,-102.51293181799446,55.16934565371139,0.1348900410433237,-0.8775452185871129,0.4601294015407262,PPOz--PPO2--PPO2h,0.5,0.5,623965,PASS_STAGE2C
PPO3,scalp_recording_site,2C,-52.538942116926805,-95.2153269283698,39.26564562504091,-0.6145244485624254,-0.7341237360695261,0.2888287420918628,Fp1-C3-O1,0.8125,0.8125,576774,PASS_STAGE2C
PPO3h,scalp_recording_site,2C,-40.735109305987585,-100.13997185080002,45.74143150437089,-0.410035552069709,-0.8319653898610793,0.3737705661394318,PPO3--PPO1--PPO3h,0.5,0.5000000000000001,597233,PASS_STAGE2C
PPO4,scalp_recording_site,2C,52.36813427241123,-93.69807562767089,38.72285129067527,0.6261101224984902,-0.7270046905914217,0.2818692859518339,Fp2-C4-O2,0.8125,0.8125,573258,PASS_STAGE2C
PPO4h,scalp_recording_site,2C,40.704950348974776,-98.9947556859782,45.29454661221874,0.4318341553996,-0.8301540476970365,0.3526521222430692,PPO2--PPO4--PPO4h,0.5,0.4999999999999999,597365,PASS_STAGE2C
PPO5,scalp_recording_site,2C,-60.472367439493986,-93.82439983443054,16.663565126904025,-0.7182084709021984,-0.6883674063637804,0.10162138643183442,PPO7--PPO3--PPO5,0.5,0.5,492950,PASS_STAGE2C
PPO5h,scalp_recording_site,2C,-56.92290385596758,-94.96458156112548,28.085244885082787,-0.6688354538246152,-0.7198627466927597,0.18562532594227768,PPO5--PPO3--PPO5h,0.5,0.5000000000000001,536025,PASS_STAGE2C
PPO6,scalp_recording_site,2C,59.86050137803519,-92.27114993039979,16.335263740881484,0.7423684469110206,-0.662644017246717,0.09895451196409316,PPO4--PPO8--PPO6,0.5,0.5,493001,PASS_STAGE2C
PPO6h,scalp_recording_site,2C,56.51336874636386,-93.38914111454974,27.638212478674948,0.6923096764657789,-0.6972627628338481,0.1858277466826675,PPO4--PPO6--PPO6h,0.5,0.49999999999999994,532454,PASS_STAGE2C
PPO7,scalp_recording_site,2C,-65.10302934380435,-89.27013102817291,-6.436992135312606,-0.7862553674344581,-0.6152767599943575,-0.056894690361675625,Fpz-Oz-L,0.75,0.75,406199,PASS_STAGE2C
PPO7h,scalp_recording_site,2C,-63.265766088728974,-91.9615420615326,5.127562726745083,-0.7699019095207722,-0.6378696278316875,0.01932324005266877,PPO7--PPO5--PPO7h,0.5,0.5,450027,PASS_STAGE2C
PPO8,scalp_recording_site,2C,64.41545894792674,-88.0749276869632,-6.508083370273896,0.7882149571666609,-0.6140173483637937,-0.04122956714609811,Fpz-Oz-R,0.75,0.75,406246,PASS_STAGE2C
PPO8h,scalp_recording_site,2C,62.47328375049443,-90.4532337125967,4.927731978213536,0.78901564548201,-0.6124391514901806,0.04870931026605429,PPO6--PPO8--PPO8h,0.5,0.5,446394,PASS_STAGE2C
PPO9,scalp_recording_site,2C,-63.69444794037008,-84.20786188506351,-34.82096863848076,-0.7982543023312708,-0.5797579657805697,-0.16331187930947255,P9--Iz--inferior_rear,0.16666666666666666,0.16666666666666666,295164,PASS_STAGE2C
PPO9h,scalp_recording_site,2C,-64.70593274089376,-86.96931522380741,-20.681446788994545,-0.7870874866422115,-0.5944563644845912,-0.1646660836207916,PPO9--PPO7--PPO9h,0.5,0.5,354939,PASS_STAGE2C
PPOz,scalp_recording_site,2C,-1.0467737361567925e-18,-101.75695660077423,58.79644952787073,0.010630826720789946,-0.8707249969490847,0.49165533172258896,Nz-Iz,0.75,0.7500000000000001,631031,PASS_STAGE2C
Pz,scalp_recording_site,2A,0.0,-90.24523882298705,75.78775679852798,0.009742497944770346,-0.7817557837878361,0.6235086031868865,Nz-Iz,0.7,0.6999999999999998,674236,NUMERIC_PASS
T10,scalp_recording_site,2B,82.18004809893444,-17.931447161409558,-42.10522796698841,0.9146611006953376,0.2635096882401141,-0.3065252274746589,T7-Cz-T8-inferior-extension,1.0,1.0,259250,PENDING
T10h,scalp_recording_site,2C,83.81494435599755,-17.578121796913834,-26.396789513255488,0.8962408856450124,0.4272389391041616,0.11924413533333383,T10--T8--T10h,0.5,0.5,333753,PASS_STAGE2C
T7,scalp_recording_site,2A,-84.33450247112869,-18.387191934338226,-10.327941247655378,-0.9887666698347676,0.13819836731622773,-0.056935787471436995,Fpz-Oz-L,0.5,0.5,392022,NUMERIC_PASS
T7h,scalp_recording_site,2C,-84.47306882149967,-17.085042820997216,9.560437602251008,-0.9913186525708985,0.12627790258164256,0.036622675825226145,T7--C5--T7h,0.5,0.5,466378,PASS_STAGE2C
T8,scalp_recording_site,2A,84.47937306084141,-17.4177874985299,-10.50161748262712,0.9910007047981901,0.11543790168082091,-0.06776203911497722,Fpz-Oz-R,0.5,0.5,392028,NUMERIC_PASS
T8h,scalp_recording_site,2C,84.92392353587213,-16.400741863128523,9.3837493619893,0.9858182591857331,0.16386679677953456,0.036194374828493504,C6--T8--T8h,0.5,0.5,466406,PASS_STAGE2C
T9,scalp_recording_site,2B,-82.37724832357424,-18.87877731972013,-42.085564670875364,-0.9477392038398554,0.23252228447059764,-0.21845775044518648,T7-Cz-T8-inferior-extension,0.0,0.0,259145,PENDING
T9h,scalp_recording_site,2C,-83.82818366699033,-18.542499193227126,-26.255452149176318,-0.990210840940162,0.131764696349045,0.04604948730030841,T9--T7--T9h,0.5,0.5,333744,PASS_STAGE2C
TP10,scalp_recording_site,2B,76.51553493022695,-58.72834791827919,-40.07295371401502,0.934222085022909,-0.3494255030444837,-0.07163039632417346,CPz-TP8-posterior-scalp-R-inferior-extension,1.0,1.0,267610,PENDING
TP10h,scalp_recording_site,2C,79.53329670397389,-52.932034626873815,-24.757370921741213,0.962398426644022,-0.259777073626722,-0.07940491427517433,TP10--TP8--TP10h,0.5,0.5,340741,PASS_STAGE2C
TP7,scalp_recording_site,2B,-83.55659686802359,-48.29455222757363,-9.373669458797055,-0.9662648578494959,-0.25610997061719465,-0.027201239595896563,Fpz-Oz-L,0.6,0.6,395690,PENDING
TP7h,scalp_recording_site,2C,-82.61294678008375,-49.26884815357633,8.52505259615718,-0.9639670710102057,-0.2639528340149642,0.03311174147449602,TP7--CP5--TP7h,0.5,0.5,462163,PASS_STAGE2C
TP8,scalp_recording_site,2B,82.54277821566194,-47.13294862033505,-9.44142398839651,0.9512596801091191,-0.30265543102383263,-0.05920060025434269,Fpz-Oz-R,0.6,0.6,395720,PENDING
TP8h,scalp_recording_site,2C,82.09142873121787,-48.267070489700885,8.320741797331982,0.9490537332318627,-0.31261520553035743,0.039607382012405684,CP6--TP8--TP8h,0.5,0.5,462170,PASS_STAGE2C
TP9,scalp_recording_site,2B,-77.98906401866704,-58.62257162841583,-40.23582027844211,-0.9664916286841428,-0.24322941624233776,-0.08205719199366147,CPz-TP7-posterior-scalp-L-inferior-extension,1.0,1.0,267594,PENDING
TP9h,scalp_recording_site,2C,-80.8079017191925,-53.46730350381584,-24.80588109908236,-0.9617458258280515,-0.25915398321666244,-0.08879290222341561,TP9--TP7--TP9h,0.5,0.5,340712,PASS_STAGE2C
TPP10,scalp_recording_site,2C,74.18786600737732,-64.90034245250733,-36.21506720537068,0.8984901382436283,-0.4254188886191281,-0.10832470025350481,TP10--P10--TPP10,0.5,0.49999999999999994,286327,PASS_STAGE2C
TPP10h,scalp_recording_site,2C,76.40872308187932,-63.30665059627499,-22.421783074624322,0.9409389304383171,-0.32918756530395593,-0.07918002295307588,TPP10--TPP8--TPP10h,0.5,0.5,348116,PASS_STAGE2C
TPP7,scalp_recording_site,2C,-78.64603351391331,-62.533255322978015,-8.493926338193225,-0.9450878620912793,-0.32681540069608245,0.0007917042340072187,Fpz-Oz-L,0.65,0.65,399279,PASS_STAGE2C
TPP7h,scalp_recording_site,2C,-77.4849563174434,-65.36352719616178,8.921672732688965,-0.9372143516465985,-0.3478678303119899,0.0248441482380582,TPP7--CPP5--TPP7h,0.5,0.5,461935,PASS_STAGE2C
TPP8,scalp_recording_site,2C,77.70545541989848,-61.33951343843381,-8.561959865340874,0.948249789814668,-0.317474614542271,-0.005674965874295753,Fpz-Oz-R,0.65,0.65,399316,PASS_STAGE2C
TPP8h,scalp_recording_site,2C,76.5209807470699,-63.94258960118365,8.62925655404909,0.9307211278042538,-0.36536819671528736,0.016256170760569576,CPP6--TPP8--TPP8h,0.5,0.5,461988,PASS_STAGE2C
TPP9,scalp_recording_site,2C,-75.58450016802297,-65.70643545892396,-36.315028196934854,-0.8773883061289072,-0.4651918731664618,-0.1174149965214228,TP9--P9--TPP9,0.5,0.5,286289,PASS_STAGE2C
TPP9h,scalp_recording_site,2C,-77.59855407890558,-64.3297206174214,-22.434453163867698,-0.9457716283294687,-0.3204481484471678,-0.05318844990979888,TPP9--TPP7--TPP9h,0.5,0.49999999999999994,348080,PASS_STAGE2C
TTP10,scalp_recording_site,2C,84.26680413351968,-41.183030975678165,-18.306827134983912,0.5572355697527124,-0.6390446181578123,0.5301985437606425,T10--TP10--TTP10,0.5,0.5000000000000001,362959,PASS_STAGE2C
TTP10h,scalp_recording_site,2C,84.68996498082402,-36.7772091636455,-14.256798435975046,0.9767132009384571,-0.18749955688067196,0.10428441533663975,TTP10--TTP8--TTP10h,0.5,0.4999999999999998,377105,PASS_STAGE2C
TTP7,scalp_recording_site,2C,-85.49933804028028,-33.40241043174324,-9.994582765318897,-0.999950615311287,-0.0017063542506664915,-0.009790571676342813,Fpz-Oz-L,0.55,0.55,395839,PASS_STAGE2C
TTP7h,scalp_recording_site,2C,-85.18639800959805,-34.27017291060652,10.308381090403415,-0.9920537440245983,-0.10220372644371299,0.07337415940094659,TTP7--CCP5--TTP7h,0.5,0.5,470436,PASS_STAGE2C
TTP8,scalp_recording_site,2C,85.25861574107999,-32.400142071134184,-10.134310539711304,0.9948949749116021,-0.05245445890556504,-0.08621205621354301,Fpz-Oz-R,0.55,0.55,391960,PASS_STAGE2C
TTP8h,scalp_recording_site,2C,85.37721858048695,-33.366216242788305,10.040048592491445,0.9974812101110291,-0.06285704196951918,0.03286681837779953,CCP6--TTP8--TTP8h,0.5,0.5,470451,PASS_STAGE2C
TTP9,scalp_recording_site,2C,-85.03125463498526,-37.90560294113071,-15.199131939290726,-0.990533614004873,-0.10064230494352715,-0.09335034002133637,T9--TP9--TTP9,0.5,0.5000000000000001,373563,PASS_STAGE2C
TTP9h,scalp_recording_site,2C,-85.4070265085279,-35.6610614006576,-12.60393092232746,-0.9969018029915844,-0.04304853050708492,-0.06583023023891675,TTP9--TTP7--TTP9h,0.5,0.49999999999999994,384321,PASS_STAGE2C
